ID,SMILES,Example No.,TR-FRET (GDP) IC50 (nM),pERK IC50 (nM),SPR Keq (nM),IUPAC salt free,R-group,exp_DDG_kcal_mol,RBFE_calc_DDG_kcal_mol,RBFE_calc_dDDG_kcal_mol,CCC,CCC Error
Ex_179,FC1=C(C2=C3C(C#C)=CC=CC3=CC=C2)N=CC4=C(N5C[C@@](N6)([H])CC[C@@]6([H])C5)N=C(OCC78CCCN7CCC8)N=C41,179,1.1,71.2,0.1,"4-((1R,5S)-3,8-diazabicyclo[3.2.1]octan-3-yl)-7-(8-ethynylnaphthalen-1-yl)-8-fluoro-2-((hexahydro-1H-pyrrolizin-7a-yl)methoxy)pyrido[4,3-d]pyrimidine",*C#C,-1.9426740781064036,-1.2030746666666667,0.18933237881273474,-0.75,0.07
Ex_235,FC1=C(C2=C3C(Br)=CC=CC3=CC=C2)N=CC4=C(N5C[C@@](N6)([H])CC[C@@]6([H])C5)N=C(OCC78CCCN7CCC8)N=C41,235,1.2,338.6,,"4-((1R,5S)-3,8-diazabicyclo[3.2.1]octan-3-yl)-7-(8-bromonaphthalen-1-yl)-8-fluoro-2-((tetrahydro-1H-pyrrolizin-7a(5H)-yl)methoxy)pyrido[4,3-d]pyrimidine",*Br,-1.891121153495952,-1.081932,0.23337455460696654,-1.5,0.04
Ex_187,FC1=C(C2=C3C(CC)=CC=CC3=CC=C2)N=CC4=C(N5C[C@@](N6)([H])CC[C@@]6([H])C5)N=C(OCC78CCCN7CCC8)N=C41,187,1.7,450.1,,"4-((1R,5S)-3,8-diazabicyclo[3.2.1]octan-3-yl)-7-(8-ethylnaphthalen-1-yl)-8-fluoro-2-((tetrahydro-1H-pyrrolizin-7a(5H)-yl)methoxy)pyrido[4,3-d]pyrimidine",*CC,-1.6847547061167203,-0.6567806666666667,0.2294416268543168,-0.19,0.07
Ex_199,CSC1=CC=CC2=CC=CC(C3=C(F)C4=NC(OCC56CCCN5CCC6)=NC(N7C[C@@](N8)([H])CC[C@@]8([H])C7)=C4C=N3)=C12,199,2.0,464.8,,"4-((1R,5S)-3,8-diazabicyclo[3.2.1]octan-3-yl)-8-fluoro-7-(8-(methylthio)naphthalen-1-yl)-2-((tetrahydro-1H-pyrrolizin-7a(5H)-yl)methoxy)pyrido[4,3-d]pyrimidine",*SC,-1.5884646988781448,-0.8136433333333333,0.29436567056336954,-0.67,0.08
Ex_248,FCCC1=CC=CC2=CC=CC(C3=C(F)C4=NC(OCC56CCCN5CCC6)=NC(N7C[C@@](N8)([H])CC[C@@]8([H])C7)=C4C=N3)=C12,248,3.2,1082.8,,"4-((1R,5S)-3,8-diazabicyclo[3.2.1]octan-3-yl)-8-fluoro-7-(8-(2-fluoroethyl)naphthalen-1-yl)-2-((tetrahydro-1H-pyrrolizin-7a(5H)-yl)methoxy)pyrido[4,3-d]pyrimidine",*CCF,-1.309994658482946,0.014309333333333332,0.16076002921608204,0.33,0.1
Ex_45,FC1=C(C2=C3C(Cl)=CC=CC3=CC=C2)N=CC4=C(N5C[C@@](N6)([H])CC[C@@]6([H])C5)N=C(OCC78CCCN7CCC8)N=C41,45,5.5,840.0,5.1,"4-((1R,5S)-3,8-diazabicyclo[3.2.1]octan-3-yl)-7-(8-chloronaphthalen-1-yl)-8-fluoro-2-((tetrahydro-1H-pyrrolizin-7a(5H)-yl)methoxy)pyrido[4,3-d]pyrimidine",*Cl,-0.9891064616002758,-1.5587879999999998,0.3693387394041771,-1.59,0.03
Ex_234,FC1=CC=CC2=CC=CC(C3=C(F)C4=NC(OCC56CCCN5CCC6)=NC(N7C[C@@](N8)([H])CC[C@@]8([H])C7)=C4C=N3)=C12,234,5.9,409.0,,"4-((1R,5S)-3,8-diazabicyclo[3.2.1]octan-3-yl)-8-fluoro-7-(8-fluoronaphthalen-1-yl)-2-((tetrahydro-1H-pyrrolizin-7a(5H)-yl)methoxy)pyrido[4,3-d]pyrimidine",*F,-0.9475115003442784,-2.011255333333333,0.5296908858075203,-1.31,0.02
Ex_254,CCCC1=CC=CC2=CC=CC(C3=C(F)C4=NC(OCC56CCCN5CCC6)=NC(N7C[C@@](N8)([H])CC[C@@]8([H])C7)=C4C=N3)=C12,254,6.1,2428.8,,"4-((1R,5S)-3,8-diazabicyclo[3.2.1]octan-3-yl)-8-fluoro-2-((hexahydro-1H-pyrrolizin-7a-yl)methoxy)-7-(8-propylnaphthalen-1-yl)pyrido[4,3-d]pyrimidine",*CCC,-0.9277601756290944,-0.8643396666666666,0.5539750069851728,0.51,0.13
Ex_255,FCCCC1=CC=CC2=CC=CC(C3=C(F)C4=NC(OCC56CCCN5CCC6)=NC(N7C[C@@](N8)([H])CC[C@@]8([H])C7)=C4C=N3)=C12,255,8.7,673.4,,"4-((1R,5S)-3,8-diazabicyclo[3.2.1]octan-3-yl)-8-fluoro-7-(8-(3-fluoropropyl)naphthalen-1-yl)-2-((hexahydro-1H-pyrrolizin-7a-yl)methoxy)pyrido[4,3-d]pyrimidine",*CCCF,-0.7174077505941217,-1.6067203333333335,0.995446391304033,0.57,0.15
Ex_334,CC1=CC=CC2=CC=CC(C3=C(F)C4=NC(OCC56CCCN5CCC6)=NC(N7C[C@@](N8)([H])CC[C@@]8([H])C7)=C4C=N3)=C12,334,10.0,2909.3,,"4-((1R,5S)-3,8-diazabicyclo[3.2.1]octan-3-yl)-8-fluoro-7-(8-methylnaphthalen-1-yl)-2-((tetrahydro-1H-pyrrolizin-7a(5H)-yl)methoxy)pyrido[4,3-d]pyrimidine",*C,-0.6348970823720155,-0.18425966666666668,0.21206370942452385,0.14,0.05
Ex_422,FC(C1=CC=CC2=CC=CC(C3=C(F)C4=NC(OCC56CCCN5CCC6)=NC(N7C[C@@](N8)([H])CC[C@@]8([H])C7)=C4C=N3)=C12)(F)F,422,11.4,2357.8,,"4-((1R,5S)-3,8-diazabicyclo[3.2.1]octan-3-yl)-8-fluoro-2-((hexahydro-1H-pyrrolizin-7a-yl)methoxy)-7-(8-(trifluoromethyl)naphthalen-1-yl)pyrido[4,3-d]pyrimidine",*C(F)(F)F,-0.5572648190131595,-0.538755,0.1948370512625016,0.47,0.07
Ex_193,OCC#CC1=C2C(C3=C(F)C4=NC(OCC56CCCN5CCC6)=NC(N7C[C@@](N8)([H])CC[C@@]8([H])C7)=C4C=N3)=CC=CC2=CC=C1,193,12.5,8517.9,,"3-(8-(4-((1R,5S)-3,8-diazabicyclo[3.2.1]octan-3-yl)-8-fluoro-2-((tetrahydro-1H-pyrrolizin-7a(5H)-yl)methoxy)pyrido[4,3-d]pyrimidin-7-yl)naphthalen-1-yl)prop-2-yn-1-ol",*C#CCO,-0.5026879038001049,-1.227717,1.3858834844981256,-1.57,0.17
Ex_247,FC1=C(C2=C3C(CC(F)F)=CC=CC3=CC=C2)N=CC4=C(N5C[C@@](N6)([H])CC[C@@]6([H])C5)N=C(OCC78CCCN7CCC8)N=C41,247,12.6,4310.5,,"4-((1R,5S)-3,8-diazabicyclo[3.2.1]octan-3-yl)-7-(8-(2,2-difluoroethyl)naphthalen-1-yl)-8-fluoro-2-((hexahydro-1H-pyrrolizin-7a-yl)methoxy)pyrido[4,3-d]pyrimidine",*CC(F)F,-0.4979668838206575,0.215499,0.6596099825396824,0.37,0.1
Ex_238,OCC1=C2C(C3=C(F)C4=NC(OCC56CCCN5CCC6)=NC(N7C[C@@](N8)([H])CC[C@@]8([H])C7)=C4C=N3)=CC=CC2=CC=C1,238,16.1,4656.9,,"(8-(4-((1R,5S)-3,8-diazabicyclo[3.2.1]octan-3-yl)-8-fluoro-2-((tetrahydro-1H-pyrrolizin-7a(5H)-yl)methoxy)pyrido[4,3-d]pyrimidin-7-yl)naphthalen-1-yl)methanol",*CO,-0.3527355355015853,0.1980966666666667,0.2195825221055224,1.18,0.07
Ex_198,N#CC1=C2C(C3=C(F)C4=NC(OCC56CCCN5CCC6)=NC(N7C[C@@](N8)([H])CC[C@@]8([H])C7)=C4C=N3)=CC=CC2=CC=C1,198,20.3,2425.5,,"8-(4-((1R,5S)-3,8-diazabicyclo[3.2.1]octan-3-yl)-8-fluoro-2-((tetrahydro-1H-pyrrolizin-7a(5H)-yl)methoxy)pyrido[4,3-d]pyrimidin-7-yl)-1-naphthonitrile",*C#N,-0.21539658572835665,-1.3797940000000002,0.5101241173851713,-0.76,0.07
Ex_195,CC#CC1=CC=CC2=CC=CC(C3=C(F)C4=NC(OCC56CCCN5CCC6)=NC(N7C[C@@](N8)([H])CC[C@@]8([H])C7)=C4C=N3)=C12,195,20.7,2461.5,,"4-((1R,5S)-3,8-diazabicyclo[3.2.1]octan-3-yl)-8-fluoro-7-(8-(prop-1-yn-1-yl)naphthalen-1-yl)-2-((tetrahydro-1H-pyrrolizin-7a(5H)-yl)methoxy)pyrido[4,3-d]pyrimidine",*C#CC,-0.20383553847903,-3.184731333333333,0.7564333654236981,-0.07,0.09
Ex_335,FC1=C(C2=C3C(C4CC4)=CC=CC3=CC=C2)N=CC5=C(N6C[C@@](N7)([H])CC[C@@]7([H])C6)N=C(OCC89CCCN8CCC9)N=C51,335,25.8,10440.5,,"4-((1R,5S)-3,8-diazabicyclo[3.2.1]octan-3-yl)-7-(8-cyclopropylnaphthalen-1-yl)-8-fluoro-2-((tetrahydro-1H-pyrrolizin-7a(5H)-yl)methoxy)pyrido[4,3-d]pyrimidine",*C1CC1,-0.07334620109325485,-0.14331300000000002,0.4994765248023842,1.55,0.11
Ex_186,FC1=C(N=C(OCC2(CCC3)N3CCC2)N=C4N5C[C@]6([H])N[C@](CC6)([H])C5)C4=CN=C1C7=CC=CC8=C7C=CC=C8,186,29.2,3383.1,,"4-((1R,5S)-3,8-diazabicyclo[3.2.1]octan-3-yl)-8-fluoro-7-(naphthalen-1-yl)-2-((tetrahydro-1H-pyrrolizin-7a(5H)-yl)methoxy)pyrido[4,3-d]pyrimidine",,,,,,
Ex_242,FC1=C(C2=C3C(C#CCC)=CC=CC3=CC=C2)N=CC4=C(N5C[C@@](N6)([H])CC[C@@]6([H])C5)N=C(OCC78CCCN7CCC8)N=C41,242,82.2,,,"4-((1R,5S)-3,8-diazabicyclo[3.2.1]octan-3-yl)-7-(8-(but-1-yn-1-yl)naphthalen-1-yl)-8-fluoro-2-((tetrahydro-1H-pyrrolizin-7a(5H)-yl)methoxy)pyrido[4,3-d]pyrimidine",*C#CCC,0.6132138995706455,0.7656329999999999,0.3232425246683981,0.09,0.1
Ex_240,O=C(N)CC1=C2C(C3=C(F)C4=NC(OCC56CCCN5CCC6)=NC(N7C[C@@](N8)([H])CC[C@@]8([H])C7)=C4C=N3)=CC=CC2=CC=C1,240,314.8,,,"2-(8-(4-((1R,5S)-3,8-diazabicyclo[3.2.1]octan-3-yl)-8-fluoro-2-((tetrahydro-1H-pyrrolizin-7a(5H)-yl)methoxy)pyrido[4,3-d]pyrimidin-7-yl)naphthalen-1-yl)acetamide",*CC(N)=O,1.408792048847035,-1.1708633333333334,0.6199378723309475,0.21,0.21
